loss,accuracy,precision,recall,val_loss,val_accuracy,val_precision,val_recall
0.18720193298138893,0.9254626035690308,0.9254626035690308,0.9254626035690308,0.5740556742709416,0.7668269276618958,0.7668269276618958,0.7668269276618958
0.17903627062608155,0.9270263314247131,0.9270263314247131,0.9270263314247131,0.7987573264309993,0.7355769276618958,0.7355769276618958,0.7355769276618958
0.17626610244115815,0.9343236684799194,0.9343236684799194,0.9343236684799194,0.7063614955315223,0.7259615659713745,0.7259615659713745,0.7259615659713745
0.1751183717316689,0.932238757610321,0.932238757610321,0.932238757610321,0.8061667521699116,0.7475961446762085,0.7475961446762085,0.7475961446762085
0.1690672565273919,0.9317175149917603,0.9317175149917603,0.9317175149917603,0.9044001033672919,0.7403846383094788,0.7403846383094788,0.7403846383094788
