loss,accuracy,precision,recall,val_loss,val_accuracy,val_precision,val_recall
0.14734469878042866,0.9476153254508972,0.9476153254508972,0.9476153254508972,0.8528973122055714,0.7331730723381042,0.7331730723381042,0.7331730723381042
0.11643062702435704,0.9590826034545898,0.9590826034545898,0.9590826034545898,0.8641670288947912,0.7403846383094788,0.7403846383094788,0.7403846383094788
