loss,accuracy,precision,recall,val_loss,val_accuracy,val_precision,val_recall
0.32659207145031277,0.8511857986450195,0.8511857986450195,0.8511857986450195,0.6604537321971014,0.6875,0.6875,0.6875
0.1822016109261688,0.9293718934059143,0.9293718934059143,0.9293718934059143,0.7363561666928805,0.7163461446762085,0.7163461446762085,0.7163461446762085
0.13840698429250084,0.9497002959251404,0.9497002959251404,0.9497002959251404,0.7381113079878,0.7211538553237915,0.7211538553237915,0.7211538553237915
0.11348176296292602,0.9635131359100342,0.9635131359100342,0.9635131359100342,0.8066881321943723,0.7355769276618958,0.7355769276618958,0.7355769276618958
0.10140481439766426,0.9655981063842773,0.9655981063842773,0.9655981063842773,0.8872174356992428,0.7379807829856873,0.7379807829856873,0.7379807829856873
